Source_Urls,Company_Name,Company_Website,Email
http://www.stadlistan.se/c/stockholm/klimatst%C3%A4d-stockholm-ab/1110460691,KlimatStäd Stockholm AB,http://www.klimatstad.se/,mailto:info@klimatstad.se
http://www.stadlistan.se/c/stockholm/klara-rutan-f%C3%B6nsterputs/1110160150,Klara rutan fönsterputs,http://www.klararutan.web.surftown.se,mailto:info@klararutan.web.surftown.se
http://www.stadlistan.se/c/stockholm/kixon-stockholm-ab/95796,Kixon Stockholm AB,http://www.kixon.se,mailto:peter@kixon.se
http://www.stadlistan.se/c/stockholm/blomquist-st%C3%A4dservice/1111500255,BlomQuist Städservice,http://www.BqStad.se,mailto:info@bqstad.se
http://www.stadlistan.se/c/stockholm/jacksa-service-ab/1110441148,Jacksa Service AB,http://www.jacksaservice.se,mailto:info@jacksa.se
http://www.stadlistan.se/c/stockholm/irm-service/1111415969,IRM Service,http://www.irmservice.se,mailto:irm75@live.se
http://www.stadlistan.se/c/stockholm/homecare-ab/1110291294,HomeCare AB,http://www.home-care.se,mailto:info@home-care.se
http://www.stadlistan.se/c/stockholm/homecare/6001703,HomeCare,http://www.home-care.se,mailto:info@home-care.se
http://www.stadlistan.se/c/kista/hmw-st%C3%A4d/1111239076,HMW STÄD,http://www.hmwstad.biz,mailto:halinawojsyk@hotmail.com
http://www.stadlistan.se/c/gustavsberg/gigarent/1110170079,Gigarent,http://www.gigarent.se,mailto:info@gigarent.se
http://www.stadlistan.se/c/stockholm/dunker-andersson-ab/1181878,Dunker & Andersson AB,,
http://www.stadlistan.se/c/vaxholm/dacor-tj%C3%A4nster/1111507933,DaCor Tjänster,http://www.dacor.se,mailto:daniel@dacor.se
http://www.stadlistan.se/c/stockholm/clean-maker-ab/1181865,Clean Maker AB,http://www.cleanmaker.se,mailto:nicgbg@gmail.com
http://www.stadlistan.se/c/stockholm/cleanout/1111703630,CleanOut,http://www.cleanout.se/,mailto:info@cleanout.se
http://www.stadlistan.se/c/ullared/jw-eko-st%C3%A4d/1111490681,JW EKO STÄD,,
http://www.stadlistan.se/c/torslanda/dust-vader-st%C3%A4d/1111978135,Dust Vader Städ,http://www.dustvadercleaners.com,mailto:dustvader.cleaners@gmail.com
http://www.stadlistan.se/c/partille/alternativ-st%C3%A4d/1110172346,Alternativ Städ,http://www.alternativstad.se,mailto:info@alternativstad.se
http://www.stadlistan.se/c/angered/eh-rent/1112108434,E&H Rent,,mailto:e_h-rent@hotmail.com
http://www.stadlistan.se/c/uppsala/vip-service-ab/1110318379,VIP Service AB,http://www.vipservice.nu,mailto:vipservice@telia.com
http://www.stadlistan.se/c/alvesta/s-st%C3%A4d/1111372896,S-STÄD,http://senada.hosterspace.com/,mailto:dizi@home.se
http://www.stadlistan.se/c/eskilstuna/teknikstad-limited/1110582145,Teknikstad Limited,http://www.teknikstadlimited.se,mailto:teknikstadlimited@gmail.com
http://www.stadlistan.se/c/kungsbacka/daniels-st%C3%A4dtj%C3%A4nster/1112108438,Daniels Städtjänster,,mailto:info.daniels@yahoo.se
http://www.stadlistan.se/c/mariestad/skaraborgs-st%C3%A4d-ab/1182664,Skaraborgs Städ AB,http://www.skaraborgs.se,mailto:cg@skaraborgs.se
http://www.stadlistan.se/c/halmstad/hallands-renare-bostad-ab/1110161981,Hallands Renare Bostad AB,http://www.renarebostad.se,mailto:info@renarebostad.se
http://www.stadlistan.se/c/sundsvall/team-heffners-ekonomisk-f%C3%B6rening/1110638910,Team Heffners Ekonomisk Förening,http://www.teamheffners.se/,mailto:hemservice@teamheffners.se
http://www.stadlistan.se/c/stockholm/strykfritt-ab/1110388507,Strykfritt AB,http://www.strykfritt.se,mailto:info@strykfritt.se
http://www.stadlistan.se/c/stockholm/rex-st%C3%A4d/1111379238,Rex Städ,http://www.rexstad.se,mailto:info@rexstad.se
http://www.stadlistan.se/c/stockholm/public-clean-i-stockholm-ab/6001840,Public Clean i Stockholm AB,http://www.publicclean.se,
http://www.stadlistan.se/c/sundsvall/exellence-hem-st%C3%A4dservice-sundsvall/1111668523,Exellence Hem & Städservice Sundsvall,http://exellence.se/exellence_sundsvall.htm,mailto:sundsvall@exellence.se
http://www.stadlistan.se/c/sollentuna/lyckost%C3%A4d-i-stockholm-ab/1110457451,Lyckostäd i Stockholm AB,http://www.lyckostad.se,mailto:info@lyckostad.se
http://www.stadlistan.se/c/stockholm/chris-st%C3%A4dfirma-ab/1110441090,Chris Städfirma AB,http://www.chrisstad.se,mailto:dinos@chrisstad.se
http://www.stadlistan.se/c/stockholm/attenta-ab/1182340,Attenta AB,http://www.attenta.se,mailto:jonne@attenta.se
http://www.stadlistan.se/c/stockholm/alltid-briljant-agb-handelsbolag/1110560316,Alltid Briljant AGB Handelsbolag,http://www.alltidbriljantagb.se,
http://www.stadlistan.se/c/stockholm/actus-flytt-express-ab/1179589,Actus Flytt & Express AB,http://www.actusflytt.se,mailto:info@actusflytt.se
http://www.stadlistan.se/c/stockholm/diamond-express-%C3%A5keri-ab/1110335568,Diamond Express Åkeri AB,http://www.detfixarvi.se,mailto:fixarvi@gmail.com
http://www.stadlistan.se/c/stockholm/milj%C3%B6palatset-ab/1182590,Miljöpalatset AB,http://www.miljopalatset.se,mailto:info@miljopalatset.se
http://www.stadlistan.se/c/stockholm/a-m-wilde-st%C3%A4d-ab/1182646,A-M Wilde Städ AB,http://www.wilde.se,mailto:info@wilde.se
http://www.stadlistan.se/c/stockholm/hemmilj%C3%B6-i-m%C3%A4lardalen/6002273,Hemmiljö i Mälardalen,http://www.hemmiljo.se,mailto:info@hemmiljo.se
http://www.stadlistan.se/c/stockholm/smartaval-intl-ab/1111853020,SmartaVal Intl AB,http://www.smarta-val.se,mailto:kundtjanst@smarta-val.se
http://www.stadlistan.se/c/bromma/epab-bemanning-och-transport/1110351660,EPab Bemanning och Transport ,http://epflytt.com,
http://www.stadlistan.se/c/valdemarsvik/steg-st%C3%A4d-flytt-ab/1112108444,Steg Städ & Flytt AB,,mailto:info@stegstad.se
http://www.stadlistan.se/c/djursholm/cleaning-queen/1111838892,Cleaning Queen,http://www.cleaningqueen.se/,mailto:info@cleaningqueen.se
http://www.stadlistan.se/s/stockholm/klara-rutan-f%C3%B6nsterputs,,,
http://www.stadlistan.se/s/stockholm/jacksa-service-ab,,,
http://www.stadlistan.se/c/stockholm/fina-rum-ab/100741522,Fina Rum AB,http://www.finarum.com,mailto:info@finarum.com
http://www.stadlistan.se/c/karlstad/ce-ge-st%C3%A4d-fastighet-ab/1110164213,CE-GE STÄD & FASTIGHET AB,http://www.ce-ge.com,mailto:christer@ce-ge.com
http://www.stadlistan.se/s/gustavsberg/gigarent,,,
http://www.stadlistan.se/s/torslanda/dust-vader-st%C3%A4d,,,
http://www.stadlistan.se/s/angered/eh-rent,,,
http://www.stadlistan.se/s/stockholm/chris-st%C3%A4dfirma-ab,,,
