Source_Urls,Company_Name,Service_Type,Service_Description,Phone_No,Email,Company_Website
http://www.yellowpages.com.au/act/braddon/bytes-n-colours-13153429-listing.html?context=businessTypeSearch,Bytes 'N Colours,"Printers & Printing Services - Braddon, ACT","From Business Cards To Billboards, We Design And Print It All",(02) 6257 7266,Email frontdesk@bytesncolours.com.au,www.bytesncolours.com.au (opens in a new window)
http://www.yellowpages.com.au/act/canberra-city/copy-qik-print-centres-12955691-listing.html?context=businessTypeSearch,Copy-Qik Print Centres,"Printers & Printing Services - Canberra City, ACT",High Quality Printing . . . . . Fast,(02) 6257 2989,Email sales@copyqik.com.au,www.copyqik.com.au (opens in a new window)
http://www.yellowpages.com.au/vic/wodonga/active-design-and-print-13722244-listing.html?context=businessTypeSearch,Active Design and Print,"Printers & Printing Services - Wodonga, VIC",Innovative Design & Quality Printing That Makes You Look Good!,(02) 6056 1022,Email wodonga@activeprint.com.au,www.activeprint.com.au (opens in a new window)
http://www.yellowpages.com.au/nsw/beresfield/jennings-print-corporate-colour-copy-centre-15531660-listing.html?context=businessTypeSearch,Jennings Print & Corporate Colour Copy Centre,"Printers & Printing Services - Beresfield, NSW",Colour Your World,,Email art@jenningsprint.com.au,www.jenningsprint.com.au (opens in a new window)
http://www.yellowpages.com.au/nsw/katoomba/bennetts-printing-14755711-listing.html?context=businessTypeSearch,Bennetts Printing,"Printers & Printing Services - Katoomba, NSW",All About Printers! All About Printing!,(02) 4782 2514,Email info@bennettsprinting.com.au,www.bennettsprinting.com.au (opens in a new window)
http://www.yellowpages.com.au/nsw/warners-bay/printnova-14930626-listing.html?context=businessTypeSearch,Printnova,"Printers & Printing Services - Warners Bay, NSW",Innovation in Print & Communication,(02) 4957 5279,Email sales@printnova.com.au,www.printnova.com.au (opens in a new window)
http://www.yellowpages.com.au/nsw/tamworth/clearview-it-consulting-14398346-listing.html?context=businessTypeSearch,Clearview IT Consulting,"Printers & Printing Services - Tamworth, NSW",For All Your Print Solutions,,Email typesetmatch@clearviewit.com.au,www.clearviewit.com.au (opens in a new window)
http://www.yellowpages.com.au/sa/port-elliot/sa-design-print-14017992-listing.html?context=businessTypeSearch,SA Design & Print,"Printers & Printing Services - Port Elliot, SA",Enhance The Effectiveness Of Your Visual Communication,(08) 8552 6606,Email headoffice@sadesignprint.net.au,www.sadesignprint.net.au (opens in a new window)
http://www.yellowpages.com.au/vic/healesville/breen-printing-pty-ltd-12134238-listing.html?context=businessTypeSearch,Breen Printing Pty Ltd,"Printers & Printing Services - Healesville, VIC","Commercial, Colour Artwork & Design.",(03) 5962 4124,Email info@breenprinting.com.au,www.breenprinting.com.au (opens in a new window)
http://www.yellowpages.com.au/nsw/yamba/clarence-press-14370827-listing.html?context=businessTypeSearch,Clarence Press,"Printers & Printing Services - Yamba, NSW",For All Your Printing Needs,(02) 6646 1495,Email info@clarencepress.com,http://www.clarencepress.com (opens in a new window)
http://www.yellowpages.com.au/vic/sunshine/sunshine-printing-services-12177686-listing.html?context=businessTypeSearch,Sunshine Printing Services,"Printers & Printing Services - Sunshine, VIC",Quality Goods And Maximum Efficiency Since 1990,(03) 9311 2211,Email sunshineprinting@bigpond.com,http://www.sunshineprinting.com.au (opens in a new window)
http://www.yellowpages.com.au/nsw/granville/vertex-design-and-print-14992194-listing.html?context=businessTypeSearch,Vertex Design and Print,"Printers & Printing Services - Granville, NSW","Design, Print, Web & Sign",,Email sales@vertexprint.com.au,http://www.vertexprint.com.au (opens in a new window)
http://www.yellowpages.com.au/nsw/dee-why/finger-printing-pty-ltd-12560717-listing.html?context=businessTypeSearch,Finger-Printing Pty Ltd,"Printers & Printing Services - Dee Why, NSW",,(02) 9971 4532,Email info@fingerprinting.com.au,fingerprinting.com.au/ (opens in a new window)
http://www.yellowpages.com.au/wa/geraldton/sun-city-print-12506914-listing.html?context=businessTypeSearch,Sun City Print,"Printers & Printing Services - Geraldton, WA",,(08) 9921 2367,Email print@suncityprint.com.au,www.suncityprint.com.au (opens in a new window)
http://www.yellowpages.com.au/nsw/kurri-kurri/gold-n-tint-12469741-listing.html?context=businessTypeSearch,Gold N Tint,"Printers & Printing Services - Kurri Kurri, NSW",,(02) 4936 1567,Email andrew@goldntint.com.au,http://www.goldntint.com.au (opens in a new window)
http://www.yellowpages.com.au/nsw/rosehill/print-finishers-all-coatings-australia-pty-ltd-15752703-listing.html?context=businessTypeSearch,Print Finishers & All Coatings Australia Pty Ltd,"Printers & Printing Services - Rosehill, NSW",,(02) 9682 7215,Email info@pfaca.com.au,http://www.pfaca.com.au (opens in a new window)
http://www.yellowpages.com.au/vic/melbourne/briamar-press-pty-ltd-12705370-listing.html?context=businessTypeSearch,Briamar Press Pty Ltd,"Printers & Printing Services - Melbourne, VIC",,(03) 9663 3118,Email info@briamarpress.com.au,www.briamarpress.com.au (opens in a new window)
http://www.yellowpages.com.au/nsw/lidcombe/braddon-printing-12644128-listing.html?context=businessTypeSearch,Braddon Printing,"Printers & Printing Services - Lidcombe, NSW",,,Email sales@braddonprinting.com.au,http://www.braddonprinting.com.au (opens in a new window)
http://www.yellowpages.com.au/vic/greensborough/diamond-valley-printing-12566658-listing.html?context=businessTypeSearch,Diamond Valley Printing,"Printers & Printing Services - Greensborough, VIC",,(03) 9480 4211,Email design@apexprinting.com.au,www.apexprinting.com.au (opens in a new window)
http://www.yellowpages.com.au/nsw/marrickville/john-fisher-printing-12551654-listing.html?context=businessTypeSearch,John Fisher Printing,"Printers & Printing Services - Marrickville, NSW",,,Email sales@johnfisherprinting.com.au,www.johnfisherprinting.com.au (opens in a new window)
http://www.yellowpages.com.au/sa/ridleyton/ariel-printing-pty-ltd-12493711-listing.html?context=businessTypeSearch,Ariel Printing Pty Ltd,"Printers & Printing Services - Ridleyton, SA",,(08) 8346 6177,Email fran@arielprint.com.au,http://www.arielprint.com.au/ (opens in a new window)
http://www.yellowpages.com.au/vic/mornington/curry-printing-12482806-listing.html?context=businessTypeSearch,Curry Printing,"Printers & Printing Services - Mornington, VIC",,,Email info@curryprinting.com.au,www.curryprinting.com.au (opens in a new window)
http://www.yellowpages.com.au/nsw/erina/expression-printing-group-pty-ltd-12431851-listing.html?context=businessTypeSearch,Expression Printing Group Pty Ltd,"Printers & Printing Services - Erina, NSW",,(02) 4363 9111,Email mail@expression.com.au,www.expression.com.au (opens in a new window)
http://www.yellowpages.com.au/nsw/wodonga/albury-wodonga-sign-shop-12371130-listing.html?context=businessTypeSearch,Albury-Wodonga Sign Shop,"Printers & Printing Services - Wodonga, NSW",,(02) 6056 3233,Email info@signshop.net.au,www.signshop.net.au (opens in a new window)
http://www.yellowpages.com.au/wa/mandurah/foot-print-12341445-listing.html?context=businessTypeSearch,Foot Print,"Printers & Printing Services - Mandurah, WA",,(08) 9581 8334,Email admin.footprintwa@westnet.com.au,www.footprintwa.com.au (opens in a new window)
http://www.yellowpages.com.au/vic/kilsyth/adept-mail-print-services-12340125-listing.html?context=businessTypeSearch,Adept Mail & Print Services,"Printers & Printing Services - Kilsyth, VIC",,,Email adeptmp@bigpond.net.au,www.adeptmailandprintservices.com.au (opens in a new window)
http://www.yellowpages.com.au/sa/netley/fivestarprint-12324478-listing.html?context=businessTypeSearch,fivestarprint,"Printers & Printing Services - Netley, SA",,(08) 8104 6900,Email accounts@5stardigital.com.au,http://www.5starprint.com.au (opens in a new window)
http://www.yellowpages.com.au/vic/knoxfield/foremost-print-solutions-12321131-listing.html?context=businessTypeSearch,Foremost Print Solutions,"Printers & Printing Services - Knoxfield, VIC",,(03) 9764 0044,Email sales@foremostsolutions.com.au,www.foremostsolutions.com.au (opens in a new window)
http://www.yellowpages.com.au/vic/collingwood/flash-print-australia-pty-ltd-12309033-listing.html?context=businessTypeSearch,Flash Print Australia Pty Ltd,"Printers & Printing Services - Collingwood, VIC",,(03) 9416 0088,Email enquiries@flashprint.com.au,www.flashprint.com.au (opens in a new window)
http://www.yellowpages.com.au/vic/mulgrave/mcphersons-printing-group-12261392-listing.html?context=businessTypeSearch,McPherson's Printing Group,"Printers & Printing Services - Mulgrave, VIC",,(03) 9566 3111,Email feedback@mcphersonsprinting.com.au,www.mcphersonsprinting.com.au (opens in a new window)
http://www.yellowpages.com.au/qld/nerang/surfers-inkspot-12247053-listing.html?context=businessTypeSearch,Surfers Inkspot,"Printers & Printing Services - Nerang, QLD",,(07) 5596 4277,Email sales@s-inkspot.com.au,www.s-inkspot.com.au (opens in a new window)
http://dataprotection.sensis.com.au/,,,,,,
